"RFO_Part","Section_Number","Propositional_ID","Natural_Language","Atomic_Propositions","Formal_Logic_Statement","Dependencies","Justification_Rules","Validation_Status","Logical_Check","Real_World_Check","Validation_Notes","Confidence_Level"
"8","8.000","P_8_000","This part addresses prioritizing sources of supplies and services for use by the Government.","P_8_000_a: This part addresses prioritizing sources of supplies and services for use by the Government","P_8_000 = P_8_000_a","None","Simplification (Simp): Rule 6","PENDING_REVIEW","PASS","PASS","Scope section. Single atomic proposition defining the coverage of Part 8.","HIGH"
"8","8.001","P_8_001","Definitions as used in this part: AbilityOne Commission, AbilityOne participating nonprofit agencies, Committee, Central nonprofit agency, Government printing, Procurement List, Related supplies.","P_8_001_a: AbilityOne Commission is the operating name for the Committee for Purchase From People Who are Blind or Severely Disabled; P_8_001_b: AbilityOne participating nonprofit agencies means a qualified nonprofit agency employing people who are blind or have other severe disabilities approved by the Committee to furnish a commodity or a service to the Government under 41 U.S.C. chapter 85; P_8_001_c: Committee means the Committee for Purchase From People Who Are Blind or Severely Disabled; P_8_001_d: Central nonprofit agency means National Industries for the Blind, which has been designated to represent AbilityOne participating nonprofit agencies serving people who are blind; or NISH (also known as SourceAmerica), which has been designated to represent AbilityOne participating nonprofit agencies serving people with severe disabilities other than blindness; P_8_001_e: Government printing means printing, binding, and blank-book work for the use of an executive department, independent agency, or establishment of the Government; P_8_001_f: Procurement List means a list of supplies (including military resale commodities) and services that the Committee has determined are suitable for purchase by the Government under 41 U.S.C. chapter 85; P_8_001_g: Related supplies means supplies that are used and equipment that is usable in printing and binding operations","P_8_001 = P_8_001_a ∧ P_8_001_b ∧ P_8_001_c ∧ P_8_001_d ∧ P_8_001_e ∧ P_8_001_f ∧ P_8_001_g","None","Conjunction (Conj): Rule 7","PENDING_REVIEW","PASS","PASS","Definitions section with seven terms. Each definition is independently atomic. P_8_001_d contains internal disjunction (NIB or NISH/SourceAmerica). All definitions must hold simultaneously within scope of Part 8.","HIGH"
"8","8.101","P_8_101","Agencies must acquire the following supplies and services using the procedures listed below: (1) Public utility services using Part 41; (2) Government printing and related supplies using Subpart 8.5; (3) Leased motor vehicles - Contact GSA Fleet; (4) Strategic and critical materials (e.g., metals and ores) from inventories exceeding Defense National Stockpile requirements - DLA Strategic Materials (https://www.dla.mil/Strategic-Materials/).","P_8_101_a: Agencies must acquire public utility services using the procedures in Part 41; P_8_101_b: Agencies must acquire Government printing and related supplies using the procedures in Subpart 8.5; P_8_101_c: Agencies must acquire leased motor vehicles by Contact GSA Fleet; P_8_101_d: Agencies must acquire strategic and critical materials (e.g., metals and ores) from inventories exceeding Defense National Stockpile requirements using DLA Strategic Materials (https://www.dla.mil/Strategic-Materials/)","P_8_101 = P_8_101_a ∧ P_8_101_b ∧ P_8_101_c ∧ P_8_101_d","P_41, P_8_502","Conjunction (Conj): Rule 7","PENDING_REVIEW","PASS","PASS","Table-based section. Each row represents a mandatory source requirement. 'Must' indicates mandatory. Part 41 and Subpart 8.5 are cross-references. GSA Fleet and DLA Strategic Materials are external agency references. All four requirements are conjunctive mandates. DLA URL preserved from source.","HIGH"
"8","8.102","P_8_102","Unless otherwise required by law or 8.101, agencies must procure services that are on the Procurement List maintained by the Committee, from AbilityOne Participating Nonprofit Agencies in accordance with subpart 8.2. Other sources may be used as prescribed in 41 CFR 101-26.301, and in an unusual and compelling urgency as prescribed in 6.302-2 and in 41 CFR 101-25.101-5.","P_8_102_a: Services are on the Procurement List maintained by the Committee; P_8_102_b: Agencies must procure such services from AbilityOne Participating Nonprofit Agencies in accordance with subpart 8.2; P_8_102_c: Otherwise required by law; P_8_102_d: Otherwise required by 8.101; P_8_102_e: Other sources may be used as prescribed in 41 CFR 101-26.301; P_8_102_f: Other sources may be used in an unusual and compelling urgency as prescribed in 6.302-2 and in 41 CFR 101-25.101-5","(~P_8_102_c ∧ ~P_8_102_d ∧ P_8_102_a) ⊃ P_8_102_b; P_8_102_e ∨ P_8_102_f","P_8_101, P_8_200, P_6_302_2","Material Implication (Impl): Rule 15; Disjunctive Syllogism (DS): Rule 4","PENDING_REVIEW","PASS","PASS","Complex conditional with 'unless' clause creating negated antecedent. The primary mandate is: absent law or 8.101 exceptions, services on the Procurement List must come from AbilityOne agencies. Secondary permissive clause allows other sources under 41 CFR or urgency per 6.302-2. 'Must' = mandatory; 'may' = permissive authority. Uses Material Implication (HIGH-RISK rule) - verified that negated conditions properly represent 'unless' structure.","MEDIUM"
"8","8.103","P_8_103","Unless otherwise required by law or subpart 8.101, agencies must procure supplies, in the following order- (1) From inventories of the requiring agency, in accordance with agency procedures; (2) From excess from other agencies, in accordance with 41 C.F.R. 102-36; (3) From Federal Prison Industries (FPI), Inc., in accordance with subpart 8.3; and (4) When on the Procurement List maintained by the Committee, from AbilityOne Participating Nonprofit Agencies, in accordance with subpart 8.2.","P_8_103_a: Otherwise required by law; P_8_103_b: Otherwise required by 8.101; P_8_103_c: Agencies must procure supplies in the specified priority order; P_8_103_1: From inventories of the requiring agency, in accordance with agency procedures; P_8_103_2: From excess from other agencies, in accordance with 41 C.F.R. 102-36; P_8_103_3: From Federal Prison Industries (FPI), Inc., in accordance with subpart 8.3; P_8_103_4: When on the Procurement List maintained by the Committee, from AbilityOne Participating Nonprofit Agencies, in accordance with subpart 8.2","(~P_8_103_a ∧ ~P_8_103_b) ⊃ (P_8_103_1 ∧ P_8_103_2 ∧ P_8_103_3 ∧ P_8_103_4)","P_8_101, P_8_301, P_8_200","Material Implication (Impl): Rule 15; Conjunction (Conj): Rule 7","PENDING_REVIEW","PASS","PASS","Priority ordering of mandatory supply sources with 'unless' exception. The numbered items represent a hierarchical priority sequence, not simple conjunction - agencies must exhaust higher-priority sources before moving to lower ones. Formal logic represents as conjunction of all four requirements, but the priority ordering is a procedural constraint not fully captured by propositional logic alone. Noted in validation. Uses Material Implication (HIGH-RISK rule) - verified negated conditions match 'unless' pattern. P_8_103_4 contains embedded conditional ('when on the Procurement List').","MEDIUM"
"8","8.104","P_8_104","When supplies or services are unavailable from the mandatory sources listed above, agencies should procure commercial products and commercial services, including those that can be modified to fill agencies' needs, to the maximum extent possible, in accordance with the policy of Executive Order 14271, Ensuring Commercial, Cost-Effective Solutions in Federal Contracts.","P_8_104_a: Supplies or services are unavailable from the mandatory sources listed in 8.101, 8.102, and 8.103; P_8_104_b: Agencies should procure commercial products and commercial services to the maximum extent possible; P_8_104_c: Including those that can be modified to fill agencies' needs; P_8_104_d: In accordance with the policy of Executive Order 14271, Ensuring Commercial, Cost-Effective Solutions in Federal Contracts","(P_8_104_a ⊃ (P_8_104_b ∧ P_8_104_c ∧ P_8_104_d)) ∧ (P_8_104 = P_8_104_1 ∧ P_8_104_2 ∧ P_8_104_sub_b)","P_8_101, P_8_102, P_8_103","Material Implication (Impl): Rule 15; Conjunction (Conj): Rule 7","PENDING_REVIEW","PASS","PASS","Parent proposition for 8.104. First conjunct: conditional triggered when mandatory sources are unavailable (8.104(a) introductory text). Second conjunct: parent-child composition referencing (a)(1), (a)(2), and (b). 'Should' indicates advisory/recommended, not mandatory. References Executive Order 14271. Uses Material Implication (HIGH-RISK rule) with compound structure; downgraded to MEDIUM pending independent verification.","MEDIUM"
"8","8.104(a)(1)","P_8_104_1","When a commercial product or commercial service meets an agency's needs and is available on an existing contract or Blanket Purchase Agreement awarded for Governmentwide use (such as the Federal Supply Schedule, Governmentwide Acquisition Contract, or other Indefinite-Delivery, Indefinite-Quantity contracts), the agency must use the existing government-wide contract or blanket purchase agreement to buy the supply or service if the contract has been designated by the Office of Federal Procurement Policy a 'required use' contract, unless the head of the contracting activity provides an exception (e.g., because the contract's terms and conditions, scope, or performance period do not meet the agency's needs).","P_8_104_1a: A commercial product or commercial service meets an agency's needs; P_8_104_1b: The product or service is available on an existing contract or Blanket Purchase Agreement awarded for Governmentwide use (such as the Federal Supply Schedule, Governmentwide Acquisition Contract, or other Indefinite-Delivery, Indefinite-Quantity contracts); P_8_104_1c: The contract has been designated by the Office of Federal Procurement Policy a 'required use' contract; P_8_104_1d: The agency must use the existing government-wide contract or blanket purchase agreement to buy the supply or service; P_8_104_1e: The head of the contracting activity provides an exception","(P_8_104_1a ∧ P_8_104_1b ∧ P_8_104_1c ∧ ~P_8_104_1e) ⊃ P_8_104_1d","P_8_101, P_8_102, P_8_103","Material Implication (Impl): Rule 15; Conjunction (Conj): Rule 7","PENDING_REVIEW","PASS","PASS","Complex conditional with multiple antecedent conditions and 'unless' exception. 'Must' = mandatory. The exception by head of contracting activity negates the obligation. Uses Material Implication (HIGH-RISK rule) - verified compound antecedent properly represents all triggering conditions and the 'unless' negation. Source includes parenthetical examples (e.g., because the contract's terms and conditions, scope, or performance period do not meet the agency's needs).","MEDIUM"
"8","8.104(a)(2)","P_8_104_2","Agencies should consider use of other existing government-wide contracts or blanket purchase agreements if there is not a suitable 'required use' contract to meet the agency's needs.","P_8_104_2a: There is not a suitable 'required use' contract to meet the agency's needs; P_8_104_2b: Agencies should consider use of other existing government-wide contracts or blanket purchase agreements","P_8_104_2a ⊃ P_8_104_2b","P_8_104_1","Material Implication (Impl): Rule 15","PENDING_REVIEW","PASS","PASS","'Should' indicates advisory/recommended, not mandatory. Conditional triggered when no suitable 'required use' contract exists. Logically follows from failure of P_8_104_1 conditions. Uses Material Implication (HIGH-RISK rule) with compound structure; downgraded to MEDIUM pending independent verification.","MEDIUM"
"8","8.104(b)","P_8_104_sub_b","Agencies should also consider the use of shared services to fulfill requirements. A shared service is a business or mission function provided by one agency for consumption by multiple other agencies, either within or between federal agencies.","P_8_104_b1: Agencies should consider the use of shared services to fulfill requirements; P_8_104_b2: A shared service is a business or mission function provided by one agency for consumption by multiple other agencies, either within or between federal agencies","P_8_104_b1 ∧ P_8_104_b2","None","Conjunction (Conj): Rule 7","PENDING_REVIEW","PASS","PASS","'Should' indicates advisory/recommended, not mandatory. Includes definition of shared services. No external dependencies.","HIGH"
"8","8.105","P_8_105","When authorizing contractors to use Government supply sources, agencies must follow the requirements of this subpart.","P_8_105_a: Agencies are authorizing contractors to use Government supply sources; P_8_105_b: Agencies must follow the requirements of this subpart","P_8_105_a ⊃ P_8_105_b; P_8_105 = P_8_105_1 ∧ P_8_105_2 ∧ P_8_105_3","P_8_105_1, P_8_105_2, P_8_105_3","Material Implication (Impl): Rule 15; Conjunction (Conj): Rule 7","PENDING_REVIEW","PASS","PASS","Parent proposition for 8.105 subsections. Conditional: when authorizing contractors, must follow subpart requirements. Children are 8.105-1, 8.105-2, and 8.105-3. Material Implication verified: single conditional with clear antecedent-consequent structure.","HIGH"
"8","8.105-1","P_8_105_1","Policy and contract clause requirements for contractor required use of Government supply sources.","P_8_105_1_a: Policy requirements for contractor required use; P_8_105_1_b: Contract clause requirements for contractor required use","P_8_105_1 = P_8_105_1_a ∧ P_8_105_1_b","P_8_105","Conjunction (Conj): Rule 7","PENDING_REVIEW","PASS","PASS","Parent proposition for 8.105-1 subsections (a) and (b).","HIGH"
"8","8.105-1(a)","P_8_105_1_a","Policy. Agencies must authorize contractors purchasing supply items for Government use that are on the Procurement List maintained by the Committee to purchase such items from DLA, GSA, and VA, if they are available from these agencies through their distribution facilities. When these items are not available from DLA, GSA, or VA, contractors must order them through the appropriate central nonprofit agency which will determine how to fulfill the order.","P_8_105_1_a1: Items are on the Procurement List maintained by the Committee; P_8_105_1_a2: Contractors are purchasing supply items for Government use; P_8_105_1_a3: Items are available from DLA, GSA, or VA through their distribution facilities; P_8_105_1_a4: Agencies must authorize contractors to purchase such items from DLA, GSA, and VA; P_8_105_1_a5: Items are not available from DLA, GSA, or VA; P_8_105_1_a6: Contractors must order them through the appropriate central nonprofit agency which will determine how to fulfill the order","(P_8_105_1_a1 ∧ P_8_105_1_a2 ∧ P_8_105_1_a3) ⊃ P_8_105_1_a4; (P_8_105_1_a1 ∧ P_8_105_1_a2 ∧ P_8_105_1_a5) ⊃ P_8_105_1_a6","P_8_001","Material Implication (Impl): Rule 15; Conjunction (Conj): Rule 7","PENDING_REVIEW","PASS","PASS","Two conditional requirements. First: if items on Procurement List and available from DLA/GSA/VA, agencies must authorize purchase from those sources. Second: if not available from DLA/GSA/VA, must order through central nonprofit agency. P_8_105_1_a3 and P_8_105_1_a5 are mutually exclusive conditions. Both use 'must' = mandatory. Uses Material Implication (HIGH-RISK rule) - verified both conditionals properly structured.","MEDIUM"
"8","8.105-1(b)","P_8_105_1_b","Contract clause. Insert the clause at 52.208-9, Contractor Use of Mandatory Sources of Supply and Services, in solicitations and contracts that require a contractor to provide supplies or services for Government use that are on the Procurement List maintained by the Committee.","P_8_105_1_b1: Solicitations and contracts require a contractor to provide supplies or services for Government use; P_8_105_1_b2: Such supplies or services are on the Procurement List maintained by the Committee; P_8_105_1_b3: Insert the clause at 52.208-9, Contractor Use of Mandatory Sources of Supply and Services","(P_8_105_1_b1 ∧ P_8_105_1_b2) ⊃ P_8_105_1_b3","P_52_208_9","Material Implication (Impl): Rule 15; Conjunction (Conj): Rule 7","PENDING_REVIEW","PASS","PASS","Contract clause insertion requirement. Conditional: when solicitations/contracts require contractor to provide Procurement List items, must insert clause 52.208-9. Cross-reference to Part 52. Material Implication verified: single conditional with clear antecedent-consequent structure.","HIGH"
"8","8.105-2","P_8_105_2","General policy, exclusion, and contract clause requirements for contractor permitted use of Government supply sources.","P_8_105_2_a: General policy for permitted use; P_8_105_2_b: Exclusion regarding FPI; P_8_105_2_c: Contract clause requirements","P_8_105_2 = P_8_105_2_a ∧ P_8_105_2_b ∧ P_8_105_2_c","P_8_105","Conjunction (Conj): Rule 7","PENDING_REVIEW","PASS","PASS","Parent proposition for 8.105-2 subsections (a), (b), and (c).","HIGH"
"8","8.105-2(a)(1)","P_8_105_2_a1","General. Agencies may authorize contractors to use Government supply sources to obtain supplies or services required to perform a Government contract, when it is in the Government's interest and the supplies or services are available from Government supply sources. In this section, the terms 'contractors' and 'contracts' include 'subcontractors' and 'subcontracts.'","P_8_105_2_a1a: Supplies or services are required to perform a Government contract; P_8_105_2_a1b: It is in the Government's interest; P_8_105_2_a1c: The supplies or services are available from Government supply sources; P_8_105_2_a1d: Agencies may authorize contractors to use Government supply sources; P_8_105_2_a1e: The terms 'contractors' and 'contracts' include 'subcontractors' and 'subcontracts'","(P_8_105_2_a1a ∧ P_8_105_2_a1b ∧ P_8_105_2_a1c) ⊃ P_8_105_2_a1d; P_8_105_2_a1e","None","Material Implication (Impl): Rule 15; Conjunction (Conj): Rule 7","PENDING_REVIEW","PASS","PASS","'May' indicates permissive authority, not mandatory. Conditional: agencies have authority to authorize when three conditions are met. Definitional note extends scope to subcontractors. Uses Material Implication (HIGH-RISK rule) with compound structure; downgraded to MEDIUM pending independent verification.","MEDIUM"
"8","8.105-2(a)(2)","P_8_105_2_a2","Agencies may authorize the contractors to use these sources in performing- (i) A contract awarded using other than sealed bidding procedures; or (ii) A contract awarded to an AbilityOne Participating Nonprofit Agency for supplies or services on Procurement List maintained by the Committee, if- (A) The nonprofit agency requesting use of the supplies and services is providing a commodity or service to the Government; and (B) The supplies or services received are directly used in making or providing a commodity or service on the Procurement List.","P_8_105_2_a2i: A contract awarded using other than sealed bidding procedures; P_8_105_2_a2ii: A contract awarded to an AbilityOne Participating Nonprofit Agency for supplies or services on the Procurement List; P_8_105_2_a2iiA: The nonprofit agency requesting use is providing a commodity or service to the Government; P_8_105_2_a2iiB: The supplies or services received are directly used in making or providing a commodity or service on the Procurement List; P_8_105_2_a2d: Agencies may authorize contractors to use Government supply sources","P_8_105_2_a2i ⊃ P_8_105_2_a2d; (P_8_105_2_a2ii ∧ P_8_105_2_a2iiA ∧ P_8_105_2_a2iiB) ⊃ P_8_105_2_a2d","P_8_001","Material Implication (Impl): Rule 15; Conjunction (Conj): Rule 7; Disjunctive Syllogism (DS): Rule 4","PENDING_REVIEW","PASS","PASS","Disjunctive authorization: either (i) non-sealed-bid contract OR (ii) AbilityOne contract with two additional conjunctive conditions (A and B). 'May' = permissive. The two paths to authorization are independent. Uses Material Implication (HIGH-RISK rule) - verified disjunctive structure with embedded conjunction.","MEDIUM"
"8","8.105-2(a)(3)","P_8_105_2_a3","Contractors with fixed-price Government contracts that require protection of security classified information may acquire security equipment through GSA sources in accordance with 41 CFR 101-26.507.","P_8_105_2_a3a: Contractors have fixed-price Government contracts; P_8_105_2_a3b: The contracts require protection of security classified information; P_8_105_2_a3c: Contractors may acquire security equipment through GSA sources in accordance with 41 CFR 101-26.507","(P_8_105_2_a3a ∧ P_8_105_2_a3b) ⊃ P_8_105_2_a3c","None","Material Implication (Impl): Rule 15; Conjunction (Conj): Rule 7","PENDING_REVIEW","PASS","PASS","'May' = permissive authority. Conditional: fixed-price contract + security classified information requirement triggers authority to acquire security equipment via GSA. References 41 CFR 101-26.507. Uses Material Implication (HIGH-RISK rule) with compound structure; downgraded to MEDIUM pending independent verification.","MEDIUM"
"8","8.105-2(b)","P_8_105_2_b","Exclusion. Agencies must not require a contractor, or subcontractor at any tier, to use FPI as a subcontractor to perform a contract by any means, including means such as- (1) A solicitation provision requiring a potential contractor to offer to use FPI supplies or services; (2) A contract specification requiring the contractor to use specific supplies or services (or classes of supplies or services) offered by FPI; or (3) Any contract modification directing the use of FPI supplies or services.","P_8_105_2_b0: Agencies must not require a contractor or subcontractor at any tier to use FPI as a subcontractor to perform a contract by any means; P_8_105_2_b1: A solicitation provision requires a potential contractor to offer to use FPI supplies or services; P_8_105_2_b2: A contract specification requires the contractor to use specific supplies or services (or classes of supplies or services) offered by FPI; P_8_105_2_b3: Any contract modification directs the use of FPI supplies or services","~P_8_105_2_b1 ∧ ~P_8_105_2_b2 ∧ ~P_8_105_2_b3","None","Conjunction (Conj): Rule 7; De Morgan's Rule (DM): Rule 9","PENDING_REVIEW","PASS","PASS","Prohibition section ('must not'). Three specific prohibited means listed as non-exhaustive examples ('including means such as'). Atoms now define the raw actions; logic negates each to represent the prohibition. P_8_105_2_b0 is the overarching prohibition statement. Uses De Morgan's Rule (HIGH-RISK rule) - verified: negating each individual prohibited action is equivalent to prohibiting the disjunction of all actions.","MEDIUM"
"8","8.105-2(c)","P_8_105_2_c","Contract clause. The contracting officer shall insert the clause at 52.208-90, Government Supply Sources, in solicitations and contracts when the contracting officer authorizes the contractor to acquire supplies or services from a Government supply source.","P_8_105_2_c1: The contracting officer authorizes the contractor to acquire supplies or services from a Government supply source; P_8_105_2_c2: The contracting officer shall insert the clause at 52.208-90, Government Supply Sources, in solicitations and contracts","P_8_105_2_c1 ⊃ P_8_105_2_c2","P_52_208_90","Material Implication (Impl): Rule 15","PENDING_REVIEW","PASS","PASS","'Shall' = mandatory. Conditional clause insertion requirement. When CO authorizes contractor to use Government supply sources, must insert clause 52.208-90. Cross-reference to Part 52. Material Implication verified: single conditional with clear antecedent-consequent structure.","HIGH"
"8","8.105-3","P_8_105_3","Requirements for contractor use of GSA Fleet including authorization, penalty enforcement, and contract clause.","P_8_105_3_a: Authorization requirements; P_8_105_3_b: Penalty enforcement requirements; P_8_105_3_c: Contract clause requirements","P_8_105_3 = P_8_105_3_a ∧ P_8_105_3_b ∧ P_8_105_3_c","P_8_105","Conjunction (Conj): Rule 7","PENDING_REVIEW","PASS","PASS","Parent proposition for 8.105-3 subsections (a), (b), and (c).","HIGH"
"8","8.105-3(a)","P_8_105_3_a","Agencies may authorize contractors performing under cost-reimbursement contracts to obtain vehicles and related services through the GSA Fleet in accordance with 41 C.F.R. 101-39.202, 41 C.F.R. 102-34. In this section, the terms ""contractors"" and ""contracts"" include ""subcontractors"" and ""subcontracts.","P_8_105_3_a1: Contractors are performing under cost-reimbursement contracts; P_8_105_3_a2: Agencies may authorize contractors to obtain vehicles and related services through the GSA Fleet; P_8_105_3_a3: In accordance with 41 C.F.R. 101-39.202, 41 C.F.R. 102-34; P_8_105_3_a4: The terms 'contractors' and 'contracts' include 'subcontractors' and 'subcontracts'","(P_8_105_3_a1) ⊃ (P_8_105_3_a2 ∧ P_8_105_3_a3); P_8_105_3_a4","None","Material Implication (Impl): Rule 15; Conjunction (Conj): Rule 7","PENDING_REVIEW","PASS","PASS","'May' = permissive authority. Limited to cost-reimbursement contracts. References 41 C.F.R. 101-39.202 and 102-34. Definitional note extends scope to subcontractors. SOURCE ERROR: Original text has unclosed quote after 'subcontracts.' - preserved verbatim per protocol. Likely intended: 'subcontracts.""' Uses Material Implication (HIGH-RISK rule) with compound structure; downgraded to MEDIUM pending independent verification.","MEDIUM"
"8","8.105-3(b)","P_8_105_3_b","When providing the authorization in paragraph (a), agencies must ensure that contractors establish and enforce suitable penalties against employees who use, or authorize the use of, Government motor vehicles for unofficial purposes or for other than in the performance of the contract.","P_8_105_3_b1: Agency is providing authorization under paragraph (a); P_8_105_3_b2: Agencies must ensure contractors establish suitable penalties against employees; P_8_105_3_b3: Agencies must ensure contractors enforce suitable penalties against employees; P_8_105_3_b4: Penalties apply to employees who use Government motor vehicles for unofficial purposes; P_8_105_3_b5: Penalties apply to employees who authorize the use of Government motor vehicles for unofficial purposes; P_8_105_3_b6: Penalties apply to employees who use Government motor vehicles for other than in the performance of the contract","P_8_105_3_b1 ⊃ (P_8_105_3_b2 ∧ P_8_105_3_b3 ∧ (P_8_105_3_b4 ∨ P_8_105_3_b5 ∨ P_8_105_3_b6))","P_8_105_3_a","Material Implication (Impl): Rule 15; Conjunction (Conj): Rule 7; Addition (Add): Rule 8","PENDING_REVIEW","PASS","PASS","'Must' = mandatory. Conditional on providing authorization under (a). Penalties must cover three disjunctive categories of misuse. Establish and enforce are both required (conjunction).","MEDIUM"
"8","8.105-3(c)","P_8_105_3_c","Contract Clause. The contracting officer shall insert the clause at 52.208-91, GSA Fleet Vehicles and Related Services, in solicitations and contracts when a cost-reimbursement contract is contemplated and the contracting officer may authorize the contractor to use GSA Fleet vehicles and related services.","P_8_105_3_c1: A cost-reimbursement contract is contemplated; P_8_105_3_c2: The contracting officer may authorize the contractor to use GSA Fleet vehicles and related services; P_8_105_3_c3: The contracting officer shall insert the clause at 52.208-91, GSA Fleet Vehicles and Related Services, in solicitations and contracts","(P_8_105_3_c1 ∧ P_8_105_3_c2) ⊃ P_8_105_3_c3","P_52_208_91","Material Implication (Impl): Rule 15; Conjunction (Conj): Rule 7","PENDING_REVIEW","PASS","PASS","'Shall' = mandatory. Two antecedent conditions: cost-reimbursement contract contemplated AND CO may authorize GSA Fleet use. Cross-reference to clause 52.208-91. Material Implication verified: single conditional with clear antecedent-consequent structure.","HIGH"
"8","8.200","P_8_200","When buying supplies or services from AbilityOne Nonprofit Agencies, agencies must follow the requirements of this subpart and 41 CFR chapter 51.","P_8_200_a: Agencies are buying supplies or services from AbilityOne Nonprofit Agencies; P_8_200_b: Agencies must follow the requirements of subpart 8.2; P_8_200_c: Agencies must follow the requirements of 41 CFR chapter 51","P_8_200_a ⊃ (P_8_200_b ∧ P_8_200_c)","None","Material Implication (Impl): Rule 15; Conjunction (Conj): Rule 7","PENDING_REVIEW","PASS","PASS","Subpart 8.2 preamble. Conditional: when buying from AbilityOne agencies, must follow both subpart 8.2 and 41 CFR chapter 51. 'Must' = mandatory. Material Implication verified: single conditional with clear antecedent-consequent structure.","HIGH"
"8","8.201","P_8_201","The AbilityOne Commission has sole authority to set the price and to authorize or deauthorize sources of supply. Agencies may propose price development through the Commission, or propose additions to the Procurement List at any time through the AbilityOne Commission.","P_8_201_a: The AbilityOne Commission has sole authority to set the price; P_8_201_b: The AbilityOne Commission has sole authority to authorize or deauthorize sources of supply; P_8_201_c: Agencies may propose price development through the Commission; P_8_201_d: Agencies may propose additions to the Procurement List at any time through the AbilityOne Commission","(P_8_201_a ∧ P_8_201_b) ∧ (P_8_201_c ∨ P_8_201_d)","P_8_001","Conjunction (Conj): Rule 7; Addition (Add): Rule 8","PENDING_REVIEW","PASS","PASS","Two mandatory statements about Commission authority (conjunction) plus two permissive actions agencies may take ('may' = permissive, disjunctive options).","HIGH"
"8","8.202","P_8_202","Presolicitation requirements for AbilityOne acquisitions including mandatory purchase policy and purchase exception procedures.","P_8_202_a: Policy requirements; P_8_202_b: Purchase exception procedures","P_8_202 = P_8_202_a ∧ P_8_202_b","P_8_200","Conjunction (Conj): Rule 7","PENDING_REVIEW","PASS","PASS","Parent proposition for 8.202 subsections (a) and (b).","HIGH"
"8","8.202(a)","P_8_202_a","Policy. In accordance with 41 U.S.C. chapter 85 and as required by 8.102 and 8.103, agencies must buy supplies or services that are on the Procurement List maintained by the Committee unless a purchase exception applies.","P_8_202_a1: Supplies or services are on the Procurement List maintained by the Committee; P_8_202_a2: A purchase exception applies; P_8_202_a3: Agencies must buy such supplies or services from the Procurement List","(P_8_202_a1 ∧ ~P_8_202_a2) ⊃ P_8_202_a3","P_8_102, P_8_103, P_8_001","Material Implication (Impl): Rule 15; Conjunction (Conj): Rule 7","PENDING_REVIEW","PASS","PASS","'Must' = mandatory with 'unless' exception. References 41 U.S.C. chapter 85, 8.102, and 8.103. Uses Material Implication (HIGH-RISK rule) - verified 'unless' properly represented as negated antecedent condition.","HIGH"
"8","8.202(b)","P_8_202_b","Purchase exception. Agencies may submit a request to the AbilityOne Commission, or the appropriate central non-profit agency, for a waiver to the Procurement List requirement. If the waiver is approved, agencies may fulfill their requirement with a commercial item. No other provision of the FAR shall be construed as permitting an exception to the mandatory purchase of items on the Procurement List.","P_8_202_b1: Agencies may submit a request to the AbilityOne Commission or the appropriate central non-profit agency for a waiver to the Procurement List requirement; P_8_202_b2: The waiver is approved; P_8_202_b3: Agencies may fulfill their requirement with a commercial item; P_8_202_b4: No other provision of the FAR shall be construed as permitting an exception to the mandatory purchase of items on the Procurement List","P_8_202_b1 ∧ (P_8_202_b2 ⊃ P_8_202_b3) ∧ P_8_202_b4","P_8_001","Material Implication (Impl): Rule 15; Conjunction (Conj): Rule 7","PENDING_REVIEW","PASS","PASS","Three-part proposition: (1) permissive authority to request waiver ('may'); (2) conditional - if waiver approved, may use commercial item; (3) absolute prohibition on construing other FAR provisions as exceptions. The prohibition in P_8_202_b4 is a strong negative mandate ('shall...not'). Uses Material Implication (HIGH-RISK rule) with compound structure; downgraded to MEDIUM pending independent verification.","MEDIUM"
"8","8.203","P_8_203","When buying supplies and services on the Procurement List, agencies must obtain them from the designated central nonprofit agency, designated AbilityOne participating nonprofit agencies, or the DLA, GSA, or VA.","P_8_203_a: Agencies are buying supplies and services on the Procurement List; P_8_203_b: Agencies must obtain them from the designated central nonprofit agency; P_8_203_c: Agencies must obtain them from designated AbilityOne participating nonprofit agencies; P_8_203_d: Agencies must obtain them from DLA, GSA, or VA","P_8_203_a ⊃ (P_8_203_b ∨ P_8_203_c ∨ P_8_203_d)","P_8_001","Material Implication (Impl): Rule 15; Addition (Add): Rule 8","PENDING_REVIEW","PASS","PASS","'Must' = mandatory. Conditional: when buying Procurement List items, must obtain from one of three disjunctive sources. The 'or' between sources indicates alternatives, not conjunction. Uses Material Implication (HIGH-RISK rule) with compound structure; downgraded to MEDIUM pending independent verification.","MEDIUM"
"8","8.204","P_8_204","If the ordering office cannot resolve performance issues with the nonprofit agency, the ordering office must refer the matter to the applicable central nonprofit agency and, if necessary, to the AbilityOne Commission for appropriate resolution.","P_8_204_a: The ordering office cannot resolve performance issues with the nonprofit agency; P_8_204_b: The ordering office must refer the matter to the applicable central nonprofit agency; P_8_204_c: Further resolution beyond the central nonprofit agency is necessary; P_8_204_d: The ordering office must refer the matter to the AbilityOne Commission for appropriate resolution","P_8_204_a ⊃ (P_8_204_b ∧ (P_8_204_c ⊃ P_8_204_d))","P_8_001","Material Implication (Impl): Rule 15; Conjunction (Conj): Rule 7","PENDING_REVIEW","PASS","PASS","Escalation procedure. Primary conditional: if cannot resolve with nonprofit agency, must refer to central nonprofit agency. Secondary conditional: if further resolution is necessary (P_8_204_c), escalate to AbilityOne Commission. 'Must' = mandatory. Separate antecedent P_8_204_c introduced for 'if necessary' to avoid tautological self-reference. Previous version incorrectly reused P_8_204_a as inner antecedent.","MEDIUM"
"8","8.301","P_8_301","When buying supplies or services from FPI (also known as UNICOR), agencies must follow the requirements of this subpart and UNICOR's ordering procedures.","P_8_301_a: Agencies are buying supplies or services from FPI (also known as UNICOR); P_8_301_b: Agencies must follow the requirements of subpart 8.3; P_8_301_c: Agencies must follow UNICOR's ordering procedures","P_8_301_a ⊃ (P_8_301_b ∧ P_8_301_c)","None","Material Implication (Impl): Rule 15; Conjunction (Conj): Rule 7","PENDING_REVIEW","PASS","PASS","Conditional: when buying from FPI/UNICOR, must follow both subpart requirements and UNICOR ordering procedures. 'Must' = mandatory. Material Implication verified: single conditional with clear antecedent-consequent structure.","HIGH"
"8","8.302","P_8_302","Agencies must not enter into any contract with FPI that allows an inmate worker access to any- (a) Classified data; (b) Geographic data regarding the location of- (1) Surface and subsurface infrastructure providing communications or water or electrical power distribution; (2) Pipelines that distribute natural gas, bulk petroleum products, or other commodities; or (3) Other utilities; or (c) Personal or financial information about any individual private citizen, including information relating to such person's real property however described, without the prior consent of the individual.","P_8_302_a: Agencies must not enter into any contract with FPI that allows an inmate worker access to classified data; P_8_302_b1: Agencies must not allow inmate worker access to geographic data regarding the location of surface and subsurface infrastructure providing communications or water or electrical power distribution; P_8_302_b2: Agencies must not allow inmate worker access to geographic data regarding the location of pipelines that distribute natural gas, bulk petroleum products, or other commodities; P_8_302_b3: Agencies must not allow inmate worker access to geographic data regarding the location of other utilities; P_8_302_c: Agencies must not allow inmate worker access to personal or financial information about any individual private citizen, including information relating to such person's real property however described, without the prior consent of the individual","~P_8_302_a ∧ ~P_8_302_b1 ∧ ~P_8_302_b2 ∧ ~P_8_302_b3 ∧ ~P_8_302_c","None","Conjunction (Conj): Rule 7; De Morgan's Rule (DM): Rule 9","PENDING_REVIEW","PASS","PASS","Prohibition section ('must not'). Five categories of prohibited access for inmate workers, all conjunctively prohibited. P_8_302_c includes an exception ('without the prior consent of the individual'). Uses De Morgan's Rule (HIGH-RISK rule) - verified each negation represents a distinct prohibition. Geographic data prohibition has three disjunctive subcategories all negated.","MEDIUM"
"8","8.303","P_8_303","In accordance with 10 U.S.C. 3905 and Section 637 of Division H of the Consolidated Appropriations Act, 2005 (Pub. L. 108-447) (18 U.S.C. 4124 note), agencies must- (a) Before purchasing an item of supply listed in the FPI Schedule, conduct market research to determine whether the FPI item is comparable to supplies available from the private sector that best meet the Government's needs in terms of price, quality, and time of delivery. This is a unilateral determination made at the discretion of the contracting officer. The arbitration provisions of 18 U.S.C. 4124(b) do not apply; (b) Prepare a written determination that includes supporting rationale explaining the assessment of price, quality, and time of delivery, based on the results of market research comparing the FPI item to supplies available from the private sector.","P_8_303_a1: Item of supply is listed in the FPI Schedule; P_8_303_a2: Agencies must conduct market research before purchasing to determine whether the FPI item is comparable to supplies available from the private sector that best meet the Government's needs in terms of price, quality, and time of delivery; P_8_303_a3: This is a unilateral determination made at the discretion of the contracting officer; P_8_303_a4: The arbitration provisions of 18 U.S.C. 4124(b) do not apply; P_8_303_b: Agencies must prepare a written determination that includes supporting rationale explaining the assessment of price, quality, and time of delivery, based on the results of market research comparing the FPI item to supplies available from the private sector","P_8_303_a1 ⊃ ((P_8_303_a2 ∧ P_8_303_a3 ∧ P_8_303_a4) ∧ P_8_303_b)","None","Material Implication (Impl): Rule 15; Conjunction (Conj): Rule 7","PENDING_REVIEW","PASS","PASS","Conditional on item being on FPI Schedule. Two mandatory requirements: (a) conduct market research with specified criteria, and (b) prepare written determination. References 10 U.S.C. 3905, Pub. L. 108-447, and 18 U.S.C. 4124. Contracting officer has unilateral discretion on comparability determination. Arbitration exclusion is notable. Previous P_8_303_a3 paraphrased 'that best meet the Government's needs' - now folded into P_8_303_a2 to preserve source wording. Uses Material Implication (HIGH-RISK rule) with compound structure; downgraded to MEDIUM pending independent verification.","MEDIUM"
"8","8.304","P_8_304","After making the determination in 8.303, procedures for solicitation depending on whether FPI item is comparable or not comparable.","P_8_304_a: Procedures when FPI item is comparable; P_8_304_b: Procedures when FPI item is not comparable","P_8_304 = P_8_304_a ∧ P_8_304_b","P_8_303","Conjunction (Conj): Rule 7","PENDING_REVIEW","PASS","PASS","Parent proposition for 8.304. Two mutually exclusive branches based on 8.303 determination outcome.","HIGH"
"8","8.304(a)","P_8_304_a","If the FPI item is comparable, agencies must purchase the item from FPI, unless a waiver is obtained.","P_8_304_a1: The FPI item is comparable (per determination in 8.303); P_8_304_a2: A waiver is obtained; P_8_304_a3: Agencies must purchase the item from FPI","(P_8_304_a1 ∧ ~P_8_304_a2) ⊃ P_8_304_a3","P_8_303","Material Implication (Impl): Rule 15","PENDING_REVIEW","PASS","PASS","'Must' = mandatory with 'unless' exception for waiver. If comparable and no waiver, must buy from FPI. Uses Material Implication (HIGH-RISK rule) - verified 'unless' properly represented.","HIGH"
"8","8.304(b)","P_8_304_b","If the FPI item is not comparable in one or more of the areas of price, quality, and time of delivery, agencies must- (1) Acquire the item using competitive procedures or the fair opportunity procedures in part 16 if placing an order under a multiple award delivery-order contract; and (2) Include FPI in the solicitation process and consider a timely offer from FPI for award in accordance with the item description or specifications, and evaluation factors in the solicitation.","P_8_304_b0: The FPI item is not comparable in one or more areas of price, quality, and time of delivery; P_8_304_b1i: Acquire the item using competitive procedures; P_8_304_b1ii: Acquire the item using fair opportunity procedures in part 16 if placing an order under a multiple award delivery-order contract; P_8_304_b2: Include FPI in the solicitation process and consider a timely offer from FPI for award in accordance with the item description or specifications, and evaluation factors in the solicitation","P_8_304_b0 ⊃ ((P_8_304_b1i ∨ P_8_304_b1ii) ∧ P_8_304_b2)","P_8_303, P_16","Material Implication (Impl): Rule 15; Conjunction (Conj): Rule 7; Addition (Add): Rule 8","PENDING_REVIEW","PASS","PASS","Conditional: if not comparable, two mandatory requirements. Acquisition method is disjunctive (competitive OR fair opportunity under Part 16). FPI inclusion in solicitation is mandatory regardless of method. 'Must' = mandatory. Cross-reference to Part 16 for fair opportunity procedures. Uses Material Implication (HIGH-RISK rule) with compound structure; downgraded to MEDIUM pending independent verification.","MEDIUM"
"8","8.304(b)(2)(i)","P_8_304_b2i","If the solicitation is available through the Governmentwide point of entry (Contract Opportunities at SAM.gov), agencies do not need to provide a separate copy of the solicitation to FPI.","P_8_304_b2i_a: The solicitation is available through the Governmentwide point of entry (Contract Opportunities at SAM.gov); P_8_304_b2i_b: Agencies do not need to provide a separate copy of the solicitation to FPI","P_8_304_b2i_a ⊃ P_8_304_b2i_b","P_8_304_b","Material Implication (Impl): Rule 15","PENDING_REVIEW","PASS","PASS","Conditional exception: if solicitation is on SAM.gov, no separate copy needed for FPI. Material Implication verified: single conditional with clear antecedent-consequent structure.","HIGH"
"8","8.304(b)(2)(ii)","P_8_304_b2ii","If the solicitation is not available through Contract Opportunities at SAM.gov, agencies must provide a copy of the solicitation to FPI.","P_8_304_b2ii_a: The solicitation is not available through Contract Opportunities at SAM.gov; P_8_304_b2ii_b: Agencies must provide a copy of the solicitation to FPI","P_8_304_b2ii_a ⊃ P_8_304_b2ii_b","P_8_304_b","Material Implication (Impl): Rule 15","PENDING_REVIEW","PASS","PASS","'Must' = mandatory. Conditional: if not on SAM.gov, must provide copy to FPI. Logically complementary to P_8_304_b2i. Material Implication verified: single conditional with clear antecedent-consequent structure.","HIGH"
"8","8.304(b)(2)(iii)","P_8_304_b2iii","When using a multiple award schedule issued under the procedures in subpart 8.4 or when using the fair opportunity procedures in part 16- (A) Establish and communicate to FPI the item description or specifications, and evaluation factors that will be used as the basis for selecting a source, so an offer from FPI can be evaluated on the same basis as the contract or schedule holder; and (B) Consider a timely offer from FPI.","P_8_304_b2iii_cond: Using a multiple award schedule under subpart 8.4 or using fair opportunity procedures in part 16; P_8_304_b2iii_A: Establish and communicate to FPI the item description or specifications, and evaluation factors that will be used as the basis for selecting a source, so an offer from FPI can be evaluated on the same basis as the contract or schedule holder; P_8_304_b2iii_B: Consider a timely offer from FPI","P_8_304_b2iii_cond ⊃ (P_8_304_b2iii_A ∧ P_8_304_b2iii_B)","P_8_401, P_16","Material Implication (Impl): Rule 15; Conjunction (Conj): Rule 7","PENDING_REVIEW","PASS","PASS","Conditional with disjunctive trigger (schedule under 8.4 OR fair opportunity under Part 16). Two conjunctive mandatory requirements (A and B). Cross-references to subpart 8.4 and Part 16. Uses Material Implication (HIGH-RISK rule) with compound structure; downgraded to MEDIUM pending independent verification.","MEDIUM"
"8","8.305","P_8_305","Agencies must make award to the source offering the item determined by the agency to provide the best value to the Government. If the agency determines that the FPI item provides the best value to the Government as a result of FPI's response to a competitive solicitation, follow UNICOR's ordering procedures.","P_8_305_a: Agencies must make award to the source offering the item determined by the agency to provide the best value to the Government; P_8_305_b: The agency determines that the FPI item provides the best value to the Government as a result of FPI's response to a competitive solicitation; P_8_305_c: Follow UNICOR's ordering procedures","P_8_305_a ∧ (P_8_305_b ⊃ P_8_305_c)","P_8_304","Conjunction (Conj): Rule 7; Material Implication (Impl): Rule 15","PENDING_REVIEW","PASS","PASS","Two-part: (1) mandatory best value award determination; (2) conditional - if FPI wins competitive solicitation, use UNICOR ordering procedures. 'Must' = mandatory. Uses Material Implication (HIGH-RISK rule) with compound structure; downgraded to MEDIUM pending independent verification.","MEDIUM"
"8","8.306","P_8_306","Disputes regarding price, quality, character, or suitability of supplies produced by FPI, except for determinations under 8.303 of this section, are subject to arbitration as specified in 18 U.S.C. 4124.","P_8_306_a: Disputes regarding price, quality, character, or suitability of supplies produced by FPI; P_8_306_b: The dispute is not a determination under 8.303; P_8_306_c: Disputes are subject to arbitration as specified in 18 U.S.C. 4124","(P_8_306_a ∧ P_8_306_b) ⊃ P_8_306_c","P_8_303","Material Implication (Impl): Rule 15; Conjunction (Conj): Rule 7","PENDING_REVIEW","PASS","PASS","Conditional: FPI supply disputes (excluding 8.303 determinations) go to arbitration under 18 U.S.C. 4124. The 'except' clause excludes 8.303 comparability determinations which are explicitly non-arbitrable per P_8_303_a5. Uses Material Implication (HIGH-RISK rule) with compound structure; downgraded to MEDIUM pending independent verification.","MEDIUM"
"8","8.401","P_8_401","The Federal Supply Schedule (FSS) program is directed and managed by GSA and provides Federal agencies with a simplified process to obtain commercial supplies and commercial services at prices associated with volume buying. Agencies must use the FSS, in accordance with 8.104. When placing an order under the FSS, agencies must follow the ordering procedures established by GSA and found at subpart 538.71. GSA ordering procedures follow all statutory requirements, including the requirements of section 863 of the Duncan Hunter National Defense Authorization Act for Fiscal Year 2009, and have been coordinated with the Office of Federal Procurement Policy for consistency with governmentwide acquisition policy.","P_8_401_a1: The Federal Supply Schedule (FSS) program is directed and managed by GSA; P_8_401_a2: FSS provides Federal agencies with a simplified process to obtain commercial supplies and commercial services at prices associated with volume buying; P_8_401_a3: Agencies must use the FSS in accordance with 8.104; P_8_401_b0: Agency is placing an order under the FSS; P_8_401_b1: Agencies must follow the ordering procedures established by GSA and found at subpart 538.71; P_8_401_b2: GSA ordering procedures follow all statutory requirements, including the requirements of section 863 of the Duncan Hunter National Defense Authorization Act for Fiscal Year 2009; P_8_401_b3: GSA ordering procedures have been coordinated with the Office of Federal Procurement Policy for consistency with governmentwide acquisition policy","(P_8_401_a1 ∧ P_8_401_a2 ∧ P_8_401_a3) ∧ (P_8_401_b0 ⊃ P_8_401_b1) ∧ P_8_401_b2 ∧ P_8_401_b3","P_8_104","Conjunction (Conj): Rule 7; Material Implication (Impl): Rule 15","PENDING_REVIEW","PASS","PASS","Two paragraphs: (a) FSS description and mandatory use requirement; (b) ordering procedure requirements and statutory compliance. Both 'must' statements are mandatory. Paragraph (b) contains conditional: 'When placing an order under the FSS' triggers ordering procedure requirement. References 8.104, GSAR subpart 538.71, and Duncan Hunter NDAA FY2009 section 863. Material Implication verified: 'when placing an order' is proper antecedent for ordering procedure requirement.","HIGH"
"8","8.501","P_8_501","When acquiring Government printing and related supplies, agencies must follow the requirements of this subpart and Government Publishing Office's (GPO) ordering procedures.","P_8_501_a: Agencies are acquiring Government printing and related supplies; P_8_501_b: Agencies must follow the requirements of subpart 8.5; P_8_501_c: Agencies must follow GPO ordering procedures","P_8_501_a ⊃ (P_8_501_b ∧ P_8_501_c)","P_8_001","Material Implication (Impl): Rule 15; Conjunction (Conj): Rule 7","PENDING_REVIEW","PASS","PASS","Conditional: when acquiring Government printing, must follow both subpart requirements and GPO ordering procedures. 'Must' = mandatory. References definitions of 'Government printing' and 'Related supplies' from 8.001. Material Implication verified: single conditional with clear antecedent-consequent structure.","HIGH"
"8","8.502","P_8_502","Government printing must be done by or through the GPO (44 U.S.C. 501), unless- (a) The GPO cannot provide the printing service (44 U.S.C. 504); (b) The printing is done in field printing plants operated by an executive agency (44 U.S.C. 501(2)); (c) The printing is acquired by an executive agency from allotments for contract field printing (44 U.S.C. 501(2)); or (d) The printing is specifically authorized by statute to be done other than by the GPO.","P_8_502_0: Government printing must be done by or through the GPO (44 U.S.C. 501); P_8_502_a: The GPO cannot provide the printing service (44 U.S.C. 504); P_8_502_b: The printing is done in field printing plants operated by an executive agency (44 U.S.C. 501(2)); P_8_502_c: The printing is acquired by an executive agency from allotments for contract field printing (44 U.S.C. 501(2)); P_8_502_d: The printing is specifically authorized by statute to be done other than by the GPO","(~P_8_502_a ∧ ~P_8_502_b ∧ ~P_8_502_c ∧ ~P_8_502_d) ⊃ P_8_502_0","P_8_001","Material Implication (Impl): Rule 15; De Morgan's Rule (DM): Rule 9","PENDING_REVIEW","PASS","PASS","Mandatory GPO requirement with four disjunctive exceptions ('unless'). If none of the four exceptions apply, printing must go through GPO. 'Must' = mandatory. References 44 U.S.C. 501, 504, and 501(2). Uses both Material Implication and De Morgan's Rule (HIGH-RISK rules) - verified that 'unless' with disjunctive exceptions is properly represented as negated conjunction of all exceptions in the antecedent.","MEDIUM"
